,lat,lng,counts,duration,dur_per_user
0,55.655155181884766,37.75764846801758,229,39974,174
1,55.655540466308594,37.758636474609375,725,109433,150
2,55.65578079223633,37.75920104980469,418,59802,143
3,55.65694046020508,37.75919723510742,272,46924,172
4,55.65735626220703,37.75857925415039,972,181713,186
5,55.67280578613281,37.49541473388672,1890,165982,87
6,55.67281723022461,37.49541473388672,980,67346,68
7,55.70455551147461,37.61294174194336,490,41285,84
8,55.70621871948242,37.65497970581055,1464,83770,57
9,55.70634841918945,37.620208740234375,2645,121725,46
10,55.70649719238281,37.657352447509766,3238,199947,61
11,55.70661926269531,37.655189514160156,1237,45378,36
12,55.7066764831543,37.576904296875,1089,89004,81
13,55.70669937133789,37.60213851928711,427,43969,102
14,55.706783294677734,37.65787887573242,1920,95686,49
15,55.7067985534668,37.603355407714844,581,69303,119
16,55.70711135864258,37.601097106933594,289,12098,41
17,55.70713806152344,37.57781219482422,1186,103015,86
18,55.70721435546875,37.601051330566406,385,43548,113
19,55.7073860168457,37.576019287109375,1179,104597,88
20,55.707435607910156,37.657012939453125,2791,176951,63
21,55.70746994018555,37.60255813598633,564,45395,80
22,55.70747756958008,37.5768928527832,1169,119402,102
23,55.7075080871582,37.65927505493164,1651,68546,41
24,55.70751190185547,37.65927505493164,1453,74548,51
25,55.70756912231445,37.588809967041016,4419,369787,83
26,55.70782470703125,37.6292839050293,1378,109890,79
27,55.70783615112305,37.589229583740234,5763,619916,107
28,55.707950592041016,37.65727996826172,212,11037,52
29,55.70803451538086,37.61077117919922,975,80945,83
30,55.708194732666016,37.586700439453125,474,27012,56
31,55.70820236206055,37.586700439453125,817,83152,101
32,55.708255767822266,37.66081619262695,1184,41730,35
33,55.70825958251953,37.660858154296875,493,16793,34
34,55.7082633972168,37.59131622314453,1997,79687,39
35,55.708282470703125,37.59131622314453,1802,113182,62
36,55.70829772949219,37.606502532958984,466,23513,50
37,55.70833969116211,37.606597900390625,228,28639,125
38,55.70836639404297,37.659751892089844,1244,41621,33
39,55.7083740234375,37.658748626708984,2728,208814,76
40,55.708377838134766,37.60091018676758,312,28508,91
41,55.70838165283203,37.658729553222656,1821,117579,64
42,55.70840835571289,37.61835479736328,287,13489,47
43,55.70842742919922,37.65983200073242,1527,95870,62
44,55.708431243896484,37.60380935668945,1033,82689,80
45,55.70844268798828,37.618385314941406,340,22872,67
46,55.708560943603516,37.60992431640625,423,19985,47
47,55.70856857299805,37.60980987548828,487,27149,55
48,55.70857620239258,37.59953689575195,476,24426,51
49,55.70867156982422,37.62093734741211,1296,68106,52
50,55.70867156982422,37.65720748901367,2961,195988,66
51,55.70869064331055,37.62095260620117,2676,125441,46
52,55.70869827270508,37.65719223022461,958,71657,74
53,55.70879364013672,37.658016204833984,2551,233079,91
54,55.70880126953125,37.66238784790039,787,49491,62
55,55.70882797241211,37.610923767089844,324,18167,56
56,55.708831787109375,37.662418365478516,431,22173,51
57,55.708900451660156,37.606048583984375,524,286036,545
58,55.70893478393555,37.617523193359375,156,10817,69
59,55.70896530151367,37.58573532104492,1515,137145,90
60,55.7089729309082,37.610595703125,143,10216,71
61,55.70901107788086,37.60171890258789,328,22020,67
62,55.709041595458984,37.60177993774414,357,21429,60
63,55.70906066894531,37.6083984375,256,18820,73
64,55.7091064453125,37.61752700805664,271,24967,92
65,55.70912551879883,37.60361099243164,356,15897,44
66,55.709129333496094,37.6607780456543,788,46497,59
67,55.70915603637695,37.60368347167969,159,9392,59
68,55.70919418334961,37.66083908081055,950,56249,59
69,55.70932388305664,37.60512924194336,398,22831,57
70,55.7093505859375,37.60612869262695,643,26618,41
71,55.70942687988281,37.606082916259766,640,43043,67
72,55.70958709716797,37.6015739440918,250,19157,76
73,55.70958709716797,37.60957336425781,903,90272,99
74,55.709590911865234,37.601593017578125,170,8758,51
75,55.709590911865234,37.609554290771484,932,149830,160
76,55.709716796875,37.66371536254883,799,45970,57
77,55.70974349975586,37.61865234375,378,16618,43
78,55.709774017333984,37.663841247558594,1854,64932,35
79,55.709815979003906,37.60361862182617,333,28881,86
80,55.709815979003906,37.6186637878418,895,65973,73
81,55.70982360839844,37.60369110107422,738,50760,68
82,55.71000289916992,37.589630126953125,3039,154583,50
83,55.71010971069336,37.59334945678711,4876,423557,86
84,55.710205078125,37.59928512573242,2851,236016,82
85,55.71028137207031,37.60573959350586,193,16310,84
86,55.71028518676758,37.605621337890625,409,15066,36
87,55.71043395996094,37.61779022216797,116,7969,68
88,55.710453033447266,37.62226867675781,13771,991022,71
89,55.710472106933594,37.61776351928711,165,8659,52
90,55.71052551269531,37.58571243286133,1291,86373,66
91,55.71053695678711,37.58570861816406,1071,59436,55
92,55.710575103759766,37.66395950317383,425,21038,49
93,55.71060562133789,37.61927795410156,399,17970,45
94,55.71061706542969,37.663917541503906,576,35732,62
95,55.710838317871094,37.61928939819336,2236,118972,53
96,55.71084976196289,37.60105514526367,2693,166866,61
97,55.71108627319336,37.64839553833008,300,11544,38
98,55.71109390258789,37.58659744262695,1086,33021,30
99,55.71109390258789,37.658111572265625,4081,313264,76
100,55.71115493774414,37.618812561035156,1469,80434,54
101,55.71116256713867,37.617889404296875,1396,81311,58
102,55.711219787597656,37.61643600463867,967,53371,55
103,55.711246490478516,37.615577697753906,1278,60245,47
104,55.71131896972656,37.60535430908203,1879,116210,61
105,55.711326599121094,37.605369567871094,1597,118682,74
106,55.711341857910156,37.61221694946289,964,41600,43
107,55.711341857910156,37.612247467041016,2567,179337,69
108,55.71153259277344,37.66045379638672,501,17518,34
109,55.711551666259766,37.66518020629883,1228,34279,27
110,55.71155548095703,37.665283203125,7590,514902,67
111,55.71158218383789,37.66062927246094,594,22800,38
112,55.71159362792969,37.63240051269531,1103,65898,59
113,55.71162033081055,37.586429595947266,3373,146983,43
114,55.71162414550781,37.60604476928711,2465,107426,43
115,55.711631774902344,37.60604476928711,1215,47661,39
116,55.71165084838867,37.607017517089844,1421,60222,42
117,55.71181869506836,37.612770080566406,2036,97224,47
118,55.712032318115234,37.611297607421875,665,21205,31
119,55.712032318115234,37.6113166809082,443,19225,43
120,55.71204376220703,37.60993194580078,1493,64199,43
121,55.71211624145508,37.6085090637207,1677,118640,70
122,55.71211624145508,37.60852813720703,343,10475,30
123,55.71236801147461,37.66514205932617,566,22524,39
124,55.71238708496094,37.60702133178711,1925,143115,74
125,55.712406158447266,37.598079681396484,164,14648,89
126,55.71241760253906,37.59872817993164,316,17404,55
127,55.71249771118164,37.613651275634766,345,19180,55
128,55.71260070800781,37.61576461791992,94,6300,67
129,55.7126579284668,37.66468811035156,914,23472,25
130,55.712703704833984,37.66504669189453,413,20999,50
131,55.71273422241211,37.61311721801758,140,4877,34
132,55.71280288696289,37.61311340332031,214,14680,68
133,55.71281433105469,37.60031509399414,582,31202,53
134,55.71284103393555,37.61570358276367,125,8637,69
135,55.713104248046875,37.621925354003906,3891,212355,54
136,55.713104248046875,37.62194061279297,1153,61930,53
137,55.713443756103516,37.59857177734375,141,8880,62
138,55.71348571777344,37.598548889160156,340,24773,72
139,55.7134895324707,37.607444763183594,3161,158692,50
140,55.7136344909668,37.627384185791016,228,18882,82
141,55.713836669921875,37.662532806396484,295,22113,74
142,55.713932037353516,37.589263916015625,2449,84199,34
143,55.713985443115234,37.61575698852539,171,8155,47
144,55.7139892578125,37.66239929199219,342,18376,53
145,55.714027404785156,37.615753173828125,240,13317,55
146,55.71408462524414,37.59749221801758,204,19696,96
147,55.71420669555664,37.647220611572266,1027,50475,49
148,55.7142219543457,37.622032165527344,1042,54962,52
149,55.714229583740234,37.622013092041016,763,43779,57
150,55.71424865722656,37.59410095214844,667,29035,43
151,55.71426773071289,37.59641647338867,421,34024,80
152,55.71428298950195,37.596458435058594,388,18472,47
153,55.71441650390625,37.590999603271484,3286,125266,38
154,55.714420318603516,37.5948600769043,159,16319,102
155,55.714439392089844,37.6055793762207,4729,376014,79
156,55.71472930908203,37.610069274902344,1178,79520,67
157,55.7147331237793,37.610103607177734,816,47048,57
158,55.7147331237793,37.61224365234375,272,17202,63
159,55.714744567871094,37.61207580566406,242,12021,49
160,55.71474838256836,37.61807632446289,264,12089,45
161,55.71477127075195,37.61589813232422,230,9622,41
162,55.71480941772461,37.608001708984375,4630,258971,55
163,55.715091705322266,37.61585235595703,394,22584,57
164,55.71515655517578,37.61343002319336,521,39238,75
165,55.71522903442383,37.61344528198242,217,12692,58
166,55.71535873413086,37.664207458496094,291,11781,40
167,55.71540832519531,37.61753845214844,156,7040,45
168,55.715423583984375,37.61753845214844,143,5771,40
169,55.715476989746094,37.664161682128906,271,7135,26
170,55.71549987792969,37.619842529296875,491,25648,52
171,55.71560287475586,37.66063690185547,273,16779,61
172,55.71571350097656,37.622074127197266,1042,45976,44
173,55.715721130371094,37.622074127197266,692,25663,37
174,55.71577453613281,37.61972427368164,756,97255,128
175,55.715816497802734,37.57756042480469,528,51796,98
176,55.715850830078125,37.57762145996094,961,64355,66
177,55.71585464477539,37.66088104248047,417,39290,94
178,55.715919494628906,37.66212463378906,108,5634,52
179,55.7160530090332,37.615806579589844,299,14560,48
180,55.716068267822266,37.61581802368164,125,5922,47
181,55.71613311767578,37.60838317871094,1749,89556,51
182,55.71614074707031,37.6083984375,2147,126043,58
183,55.716339111328125,37.60212707519531,961,91424,95
184,55.71638107299805,37.61347961425781,509,23028,45
185,55.71648406982422,37.62206268310547,259,13364,51
186,55.71651077270508,37.61781692504883,426,19593,45
187,55.716514587402344,37.6133918762207,168,7203,42
188,55.7165641784668,37.617835998535156,536,46317,86
189,55.716575622558594,37.57872772216797,878,48170,54
190,55.71659469604492,37.61197280883789,454,24370,53
191,55.71660232543945,37.57878875732422,739,34182,46
192,55.71660614013672,37.61213302612305,640,41912,65
193,55.71662139892578,37.663814544677734,361,9861,27
194,55.71666717529297,37.66382598876953,840,51086,60
195,55.716732025146484,37.61524963378906,225,9171,40
196,55.7167854309082,37.6619987487793,140,23573,168
197,55.71683883666992,37.6195182800293,1070,46787,43
198,55.71684265136719,37.61956024169922,803,40633,50
199,55.7169189453125,37.619117736816406,570,26031,45
200,55.716983795166016,37.662349700927734,644,39960,62
201,55.717002868652344,37.60855484008789,3876,162001,41
202,55.7170524597168,37.593658447265625,4239,165940,39
203,55.717079162597656,37.62773513793945,204,13784,67
204,55.717124938964844,37.66280746459961,201,6848,34
205,55.71722412109375,37.57986831665039,1302,82905,63
206,55.717323303222656,37.62773895263672,180,9423,52
207,55.71733093261719,37.6220817565918,621,24497,39
208,55.71733856201172,37.62207794189453,1213,59624,49
209,55.717342376708984,37.644901275634766,197,13253,67
210,55.71738052368164,37.644203186035156,1710,195593,114
211,55.717567443847656,37.6470832824707,1307,86592,66
212,55.717811584472656,37.60334014892578,998,4295061222,4303668
213,55.71788787841797,37.622108459472656,343,13696,39
214,55.71797180175781,37.67621612548828,3041,377656,124
215,55.717979431152344,37.67621612548828,1881,199781,106
216,55.71806335449219,37.660987854003906,206,10008,48
217,55.71806335449219,37.66109085083008,191,12156,63
218,55.71806335449219,37.6625862121582,432,25214,58
219,55.71808624267578,37.662986755371094,787,29675,37
220,55.718177795410156,37.61382293701172,250,10226,40
221,55.71820831298828,37.60845184326172,2616,110567,42
222,55.71821975708008,37.60845184326172,1723,61422,35
223,55.71826171875,37.609039306640625,4214,255792,60
224,55.71829605102539,37.595394134521484,726,20703,28
225,55.71829605102539,37.59541320800781,746,16752,22
226,55.71833419799805,37.62773513793945,242,13439,55
227,55.71841812133789,37.61375045776367,247,18783,76
228,55.718421936035156,37.627742767333984,208,11329,54
229,55.71866226196289,37.64828872680664,414,19194,46
230,55.71871566772461,37.64836883544922,635,38492,60
231,55.718719482421875,37.660186767578125,961,68116,70
232,55.71879577636719,37.57030487060547,788,59150,75
233,55.71882629394531,37.66300582885742,400,18311,45
234,55.718849182128906,37.660343170166016,1866,264968,141
235,55.71889114379883,37.568199157714844,328,20591,62
236,55.718929290771484,37.60836410522461,7006,676346,96
237,55.7190055847168,37.60403060913086,763,43926,57
238,55.71901321411133,37.60403060913086,725,76081,104
239,55.71908950805664,37.56745147705078,458,26830,58
240,55.7191276550293,37.58248519897461,4507,449060,99
241,55.719139099121094,37.64795684814453,123,9630,78
242,55.71915054321289,37.61811065673828,1330,120839,90
243,55.71919250488281,37.60883331298828,817,37959,46
244,55.71920394897461,37.608848571777344,991,46217,46
245,55.71921157836914,37.61805725097656,1516,140781,92
246,55.71924591064453,37.59680938720703,890,24852,27
247,55.71924591064453,37.596824645996094,456,16015,35
248,55.71943664550781,37.648441314697266,182,20086,110
249,55.71945571899414,37.61381912231445,155,6054,39
250,55.719539642333984,37.614463806152344,197,10264,52
251,55.7195930480957,37.62227249145508,1025,45431,44
252,55.719669342041016,37.60787582397461,10,667,66
253,55.7197151184082,37.56977462768555,468,31053,66
254,55.7197151184082,37.569793701171875,481,32006,66
255,55.719722747802734,37.56977462768555,286,11189,39
256,55.719913482666016,37.66304397583008,487,28990,59
257,55.7199592590332,37.66304397583008,469,27511,58
258,55.720027923583984,37.58121109008789,1833,188249,102
259,55.720027923583984,37.58123016357422,303,23391,77
260,55.72016525268555,37.598236083984375,2530,87884,34
261,55.7202033996582,37.61607360839844,397,18133,45
262,55.72021484375,37.61642074584961,427,20117,47
263,55.72039031982422,37.57209396362305,901,68172,75
264,55.72039794921875,37.57210922241211,662,26764,40
265,55.720420837402344,37.61793518066406,670,56454,84
266,55.720428466796875,37.61848449707031,541,28668,52
267,55.720542907714844,37.56687927246094,721,66963,92
268,55.72055435180664,37.566864013671875,884,52799,59
269,55.720611572265625,37.60558319091797,2534,223488,88
270,55.72069549560547,37.60946273803711,1675,132154,78
271,55.72076416015625,37.62045669555664,627,20284,32
272,55.720767974853516,37.62068557739258,2332,136258,58
273,55.72077178955078,37.60951232910156,1561,71295,45
274,55.72086715698242,37.62275695800781,3092,223600,72
275,55.720977783203125,37.617740631103516,3943,509766,129
276,55.72098159790039,37.60389709472656,173,19603,113
277,55.72098922729492,37.6038818359375,616,49613,80
278,55.72112274169922,37.60065841674805,2768,110301,39
279,55.72114181518555,37.60067367553711,1564,66999,42
280,55.72114562988281,37.606163024902344,1062,49167,46
281,55.72119903564453,37.613922119140625,892,60157,67
282,55.72125244140625,37.57854080200195,1055,77050,73
283,55.72126388549805,37.57852554321289,213,10984,51
284,55.72127151489258,37.56449890136719,740,37652,50
285,55.72127914428711,37.56447982788086,1222,81254,66
286,55.721317291259766,37.576961517333984,871,61073,70
287,55.721317291259766,37.585426330566406,369,33416,90
288,55.721336364746094,37.57694625854492,371,19752,53
289,55.721343994140625,37.57693099975586,179,11596,64
290,55.72138214111328,37.628448486328125,1624,108870,67
291,55.7214241027832,37.56748580932617,907,132715,146
292,55.72152328491211,37.6218376159668,1549,76564,49
293,55.7215576171875,37.57365798950195,1011,40144,39
294,55.72159194946289,37.563419342041016,1552,141817,91
295,55.72159194946289,37.56343460083008,725,48983,67
296,55.72161865234375,37.567909240722656,377,47900,127
297,55.72162628173828,37.567909240722656,469,25794,54
298,55.721641540527344,37.57551574707031,939,43137,45
299,55.72178268432617,37.609867095947266,881,36296,41
300,55.72182846069336,37.60989761352539,1122,49323,43
301,55.721866607666016,37.66310501098633,549,26991,49
302,55.72188186645508,37.583866119384766,302,34639,114
303,55.721893310546875,37.583866119384766,162,7887,48
304,55.72190856933594,37.663108825683594,279,11269,40
305,55.72199249267578,37.561527252197266,6522,643211,98
306,55.72200012207031,37.5615234375,5041,423870,84
307,55.722084045410156,37.60065841674805,2220,85430,38
308,55.72209548950195,37.60700225830078,2038,187205,91
309,55.72210693359375,37.60702133178711,564,39623,70
310,55.72212219238281,37.61705017089844,1040,46100,44
311,55.722129821777344,37.57650375366211,622,27178,43
312,55.72214126586914,37.57650375366211,472,28612,60
313,55.722164154052734,37.583187103271484,377,29935,79
314,55.722171783447266,37.58320236206055,276,22072,79
315,55.72227096557617,37.62265396118164,2122,105003,49
316,55.72245788574219,37.56903839111328,544,80570,148
317,55.72245788574219,37.64340591430664,259,25124,97
318,55.72260284423828,37.58251953125,544,42376,77
319,55.72273254394531,37.575096130371094,355,21463,60
320,55.72275161743164,37.575077056884766,1202,48612,40
321,55.722774505615234,37.643890380859375,306,22190,72
322,55.72279357910156,37.56337356567383,1255,253108,201
323,55.72280502319336,37.563358306884766,852,70484,82
324,55.722808837890625,37.566192626953125,358,27404,76
325,55.72286605834961,37.56623840332031,1067,114096,106
326,55.72288131713867,37.56622314453125,1813,117007,64
327,55.723026275634766,37.607421875,251,13842,55
328,55.72309112548828,37.5704345703125,385,21577,56
329,55.72310256958008,37.57044982910156,458,31930,69
330,55.72312545776367,37.607460021972656,599,28491,47
331,55.72313690185547,37.60267639160156,1564,45917,29
332,55.723209381103516,37.57592010498047,1141,49451,43
333,55.723228454589844,37.57595443725586,1001,34503,34
334,55.72333526611328,37.61112976074219,927,59317,63
335,55.723365783691406,37.562191009521484,1041,51039,49
336,55.723365783691406,37.56220626831055,506,29009,57
337,55.72353744506836,37.565338134765625,2405,218874,91
338,55.72354507446289,37.565338134765625,1366,97700,71
339,55.72354507446289,37.611122131347656,1187,70926,59
340,55.72357177734375,37.69279861450195,1175,104882,89
341,55.72360610961914,37.58125686645508,617,46516,75
342,55.72361373901367,37.581241607666016,558,48538,86
343,55.72370910644531,37.572540283203125,938,77267,82
344,55.72371292114258,37.57959747314453,658,39445,59
345,55.72371292114258,37.579612731933594,776,78414,101
346,55.72372817993164,37.65983581542969,314,18794,59
347,55.7237548828125,37.622840881347656,1156,86336,74
348,55.7237548828125,37.631629943847656,929,139503,150
349,55.72376251220703,37.63176727294922,656,66873,101
350,55.723777770996094,37.56220626831055,2037,153113,75
351,55.72378158569336,37.65642166137695,1094,43152,39
352,55.72378921508789,37.562225341796875,2521,142539,56
353,55.72386932373047,37.60737228393555,148,6897,46
354,55.72392654418945,37.636749267578125,987,112404,113
355,55.72393798828125,37.607261657714844,1005,70883,70
356,55.72393798828125,37.63676834106445,754,50446,66
357,55.72406005859375,37.61650085449219,945,49930,52
358,55.72408676147461,37.5787239074707,753,38140,50
359,55.724098205566406,37.578739166259766,1300,73688,56
360,55.724178314208984,37.6597785949707,168,18640,110
361,55.724403381347656,37.56196212768555,772,43969,56
362,55.724552154541016,37.56391525268555,683,41642,60
363,55.72456359863281,37.56394577026367,1198,77848,64
364,55.7247200012207,37.629940032958984,1742,107169,61
365,55.72477722167969,37.60603713989258,2270,91573,40
366,55.72477722167969,37.60605239868164,424,26367,62
367,55.724796295166016,37.60605239868164,489,17952,36
368,55.72481155395508,37.55791473388672,514,41031,79
369,55.724891662597656,37.57514572143555,540,84533,156
370,55.725074768066406,37.56381607055664,962,136489,141
371,55.725074768066406,37.5638313293457,1745,234911,134
372,55.725154876708984,37.56535720825195,875,68488,78
373,55.72529220581055,37.57874298095703,1006,63505,63
374,55.72529983520508,37.56325149536133,4443,453711,102
375,55.72529983520508,37.578758239746094,994,42699,42
376,55.72530746459961,37.576053619384766,2764,144872,52
377,55.72532272338867,37.58842468261719,845,59164,70
378,55.72545623779297,37.56184768676758,815,60677,74
379,55.72548294067383,37.659446716308594,167,11792,70
380,55.7255744934082,37.59017562866211,1842,178188,96
381,55.725589752197266,37.607234954833984,1898,72056,37
382,55.72560119628906,37.607234954833984,2448,88774,36
383,55.725624084472656,37.56616973876953,1347,99317,73
384,55.72565460205078,37.63197708129883,1607,95365,59
385,55.72567367553711,37.65937805175781,236,19722,83
386,55.72568893432617,37.56632614135742,619,40242,65
387,55.7256965637207,37.636756896972656,1830,121852,66
388,55.72574234008789,37.56188201904297,138,8158,59
389,55.72575759887695,37.58716583251953,2109,211153,100
390,55.72576141357422,37.56186294555664,266,11378,42
391,55.725765228271484,37.58715057373047,2003,163928,81
392,55.72612380981445,37.62575149536133,1913,210583,110
393,55.726131439208984,37.625736236572266,2041,112770,55
394,55.72624588012695,37.56101989746094,1570,109823,69
395,55.72625732421875,37.56127166748047,387,17294,44
396,55.72632598876953,37.581764221191406,1265,82972,65
397,55.72637939453125,37.567909240722656,518,50053,96
398,55.72638702392578,37.566890716552734,548,39818,72
399,55.72639083862305,37.5789909362793,1325,99616,75
400,55.726402282714844,37.56692123413086,405,32257,79
401,55.7264289855957,37.65911102294922,68,8350,122
402,55.726505279541016,37.560245513916016,1419,76527,53
403,55.72652816772461,37.607295989990234,1927,65348,33
404,55.72652816772461,37.659454345703125,33,2960,89
405,55.72655487060547,37.560577392578125,591,43834,74
406,55.726593017578125,37.61016082763672,394,22072,56
407,55.72660446166992,37.56038284301758,564,25519,45
408,55.72666931152344,37.650108337402344,110,11844,107
409,55.726722717285156,37.58031463623047,2133,137235,64
410,55.72678756713867,37.609039306640625,2226,133146,59
411,55.72678756713867,37.6103630065918,434,15926,36
412,55.7267951965332,37.62881851196289,376,22250,59
413,55.72679901123047,37.609039306640625,3247,147912,45
414,55.72679901123047,37.650325775146484,172,7492,43
415,55.726806640625,37.62879943847656,768,77197,100
416,55.726810455322266,37.62063217163086,459,30147,65
417,55.72683334350586,37.62746047973633,5178,508301,98
418,55.726844787597656,37.62747573852539,3402,294987,86
419,55.726871490478516,37.586341857910156,1095,92984,84
420,55.72687530517578,37.56857681274414,975,112721,115
421,55.726932525634766,37.57843017578125,623,41343,66
422,55.72694396972656,37.57844543457031,1350,124531,92
423,55.72695541381836,37.582618713378906,2168,138982,64
424,55.72697067260742,37.61650466918945,781,41185,52
425,55.72697448730469,37.58264923095703,1199,58470,48
426,55.727012634277344,37.63620376586914,842,58289,69
427,55.727115631103516,37.62531661987305,5062,324414,64
428,55.727149963378906,37.65431594848633,350,17753,50
429,55.72720718383789,37.560951232910156,402,24170,60
430,55.72723388671875,37.637638092041016,919,61870,67
431,55.72727966308594,37.63615417480469,805,47503,59
432,55.727352142333984,37.56102752685547,1008,50785,50
433,55.72739028930664,37.6225700378418,2501,164156,65
434,55.72740173339844,37.65204620361328,590,30372,51
435,55.72743225097656,37.64460372924805,589,42862,72
436,55.72751998901367,37.68150329589844,1570,98278,62
437,55.727542877197266,37.58061981201172,3318,358332,107
438,55.7275505065918,37.580604553222656,4038,642871,159
439,55.72756576538086,37.630699157714844,3725,294669,79
440,55.72764587402344,37.614166259765625,1327,94288,71
441,55.72767639160156,37.61286163330078,1458,69807,47
442,55.72774887084961,37.622314453125,513,39028,76
443,55.72780227661133,37.63690185546875,3277,162737,49
444,55.72781753540039,37.63189697265625,832,50272,60
445,55.72783279418945,37.584720611572266,256,15188,59
446,55.727840423583984,37.58390808105469,1198,114319,95
447,55.727840423583984,37.58470153808594,555,102266,184
448,55.72785186767578,37.632080078125,934,55849,59
449,55.72785186767578,37.653385162353516,1051,73981,70
450,55.72787857055664,37.6531867980957,722,35145,48
451,55.72788619995117,37.58388900756836,2090,145981,69
452,55.727970123291016,37.560096740722656,1194,62442,52
453,55.72797393798828,37.60956954956055,1960,133566,68
454,55.72797775268555,37.56007766723633,1285,76268,59
455,55.72800827026367,37.65378952026367,1376,77941,56
456,55.72807693481445,37.631011962890625,716,41861,58
457,55.72810745239258,37.63104248046875,1270,75752,59
458,55.72810745239258,37.6385498046875,1548,113569,73
459,55.72810745239258,37.63856506347656,739,65753,88
460,55.7281379699707,37.61149215698242,1873,136127,72
461,55.72819519042969,37.584259033203125,181,12727,70
462,55.72819519042969,37.584293365478516,431,24244,56
463,55.72822952270508,37.622764587402344,9012,725899,80
464,55.728275299072266,37.62435531616211,1149,640018,557
465,55.7282829284668,37.62435531616211,1393,65684,47
466,55.72842025756836,37.63393783569336,730,51071,69
467,55.72843933105469,37.5635986328125,1700,116210,68
468,55.728450775146484,37.559791564941406,696,39023,56
469,55.728458404541016,37.55980682373047,293,22640,77
470,55.728492736816406,37.63412094116211,737,50188,68
471,55.728790283203125,37.58512878417969,1323,105560,79
472,55.72882080078125,37.62411117553711,2770,190203,68
473,55.72882843017578,37.62411117553711,1894,146984,77
474,55.72885513305664,37.564552307128906,2139,131235,61
475,55.72886657714844,37.56456756591797,2404,183624,76
476,55.72889709472656,37.55870819091797,478,27676,57
477,55.728904724121094,37.558692932128906,2473,277393,112
478,55.72898483276367,37.637245178222656,2822,141456,50
479,55.729156494140625,37.59199523925781,505,35191,69
480,55.72918701171875,37.62076950073242,607,22662,37
481,55.72918701171875,37.620784759521484,1529,79985,52
482,55.72920227050781,37.592041015625,1322,74123,56
483,55.72943115234375,37.62241744995117,3542,161598,45
484,55.72944641113281,37.622371673583984,1936,115982,59
485,55.72951126098633,37.56605911254883,833,88257,105
486,55.729522705078125,37.56607437133789,569,41915,73
487,55.72956848144531,37.55779266357422,238,15454,64
488,55.72960662841797,37.574337005615234,888,79730,89
489,55.72964096069336,37.586265563964844,2033,680740,334
490,55.72965621948242,37.631568908691406,911,68903,75
491,55.72972869873047,37.625091552734375,10884,750627,68
492,55.72984313964844,37.59235382080078,1315,75437,57
493,55.729949951171875,37.58843231201172,754,33650,44
494,55.73001480102539,37.6595573425293,2307,106424,46
495,55.7301139831543,37.6143913269043,2938,196722,66
496,55.73011779785156,37.557071685791016,530,31767,59
497,55.73012161254883,37.61280822753906,3066,186679,60
498,55.730140686035156,37.626285552978516,1264,80236,63
499,55.73015594482422,37.61606979370117,1640,75529,46
500,55.73020935058594,37.618919372558594,1007,52514,52
501,55.73020935058594,37.618934631347656,1129,66859,59
502,55.730262756347656,37.571781158447266,415,31953,76
503,55.73027038574219,37.57179641723633,468,39510,84
504,55.7303581237793,37.563209533691406,494,34521,69
505,55.730369567871094,37.563255310058594,1518,132317,87
506,55.73037338256836,37.62340545654297,2186,92034,42
507,55.73038864135742,37.56328582763672,159,12178,76
508,55.73041534423828,37.633243560791016,1170,58200,49
509,55.73042297363281,37.57174301147461,399,36636,91
510,55.730430603027344,37.57170867919922,399,34023,85
511,55.73049545288086,37.592857360839844,1232,60526,49
512,55.730506896972656,37.59285354614258,659,38191,57
513,55.73054885864258,37.64242935180664,4177,374892,89
514,55.73056411743164,37.60844421386719,647,26727,41
515,55.73056411743164,37.60845947265625,944,57424,60
516,55.73060607910156,37.57711410522461,1388,189177,136
517,55.73060607910156,37.629512786865234,3005,113607,37
518,55.73072814941406,37.61176681518555,5203,324668,62
519,55.730743408203125,37.63149642944336,2042,96378,47
520,55.73076248168945,37.63164138793945,996,41860,42
521,55.73086929321289,37.63642501831055,9320,531762,57
522,55.73089599609375,37.60991287231445,918,35106,38
523,55.73089599609375,37.609928131103516,2521,149512,59
524,55.730899810791016,37.58887481689453,689,28820,41
525,55.73090744018555,37.58887481689453,793,37220,46
526,55.73090744018555,37.66692352294922,823,68805,83
527,55.730926513671875,37.66692352294922,1246,69338,55
528,55.73100280761719,37.6336669921875,1825,97617,53
529,55.73101043701172,37.63365173339844,2540,111788,44
530,55.731056213378906,37.621707916259766,1024,52296,51
531,55.73106002807617,37.591209411621094,1097,99450,90
532,55.73106002807617,37.59122848510742,1383,77676,56
533,55.7310791015625,37.564727783203125,644,57781,89
534,55.731082916259766,37.62173843383789,713,32212,45
535,55.73109436035156,37.62570571899414,1950,130291,66
536,55.73110580444336,37.56477355957031,275,47669,173
537,55.731109619140625,37.6257209777832,951,69291,72
538,55.73113250732422,37.611751556396484,1309,74896,57
539,55.73114013671875,37.5935173034668,2382,123885,52
540,55.73114013671875,37.635433197021484,2428,107503,44
541,55.73114776611328,37.63546371459961,3992,260938,65
542,55.73115921020508,37.593502044677734,1473,88979,60
543,55.73122787475586,37.62968063354492,5316,706277,132
544,55.73124313354492,37.6621208190918,2183,145317,66
545,55.73125457763672,37.62972640991211,809,80617,99
546,55.73129653930664,37.60859298706055,640,25174,39
547,55.73129653930664,37.60862350463867,1075,101704,94
548,55.73129653930664,37.665287017822266,4549,307585,67
549,55.73129653930664,37.66530227661133,2144,100252,46
550,55.7313117980957,37.60860824584961,1754,95694,54
551,55.73133087158203,37.58002471923828,412,34191,82
552,55.73133087158203,37.606807708740234,2181,98425,45
553,55.73145294189453,37.58692169189453,201,19117,95
554,55.73149108886719,37.66352844238281,6759,660211,97
555,55.73150634765625,37.60340881347656,3486,194187,55
556,55.73162841796875,37.668540954589844,2294,161944,70
557,55.73163986206055,37.56501007080078,326,24479,75
558,55.73164749145508,37.56499099731445,219,13889,63
559,55.731693267822266,37.616668701171875,343,61014,177
560,55.7317008972168,37.61668395996094,492,41475,84
561,55.731712341308594,37.624107360839844,2547,221765,87
562,55.731719970703125,37.62410354614258,1662,135962,81
563,55.73175811767578,37.660587310791016,394,23370,59
564,55.73176193237305,37.61161804199219,1224,63450,51
565,55.73176574707031,37.660587310791016,1430,139548,97
566,55.73176956176758,37.580928802490234,103,2764,26
567,55.73181915283203,37.6385612487793,1260,56592,44
568,55.73183059692383,37.63857650756836,1747,95947,54
569,55.731834411621094,37.6116943359375,2018,91486,45
570,55.73185348510742,37.5811653137207,153,12052,78
571,55.73187255859375,37.63276290893555,253,21274,84
572,55.73188018798828,37.63276290893555,482,32355,67
573,55.73191452026367,37.66767120361328,2075,110190,53
574,55.73191833496094,37.592994689941406,1055,49071,46
575,55.73191833496094,37.61505126953125,408,29766,72
576,55.7319450378418,37.620689392089844,294,9387,31
577,55.731956481933594,37.66489791870117,2712,176674,65
578,55.73202133178711,37.59260940551758,1572,101077,64
579,55.73202896118164,37.59262466430664,317,13478,42
580,55.7320442199707,37.63547897338867,6883,497740,72
581,55.732059478759766,37.62934875488281,494,33131,67
582,55.732078552246094,37.62934875488281,746,50632,67
583,55.73212814331055,37.60524368286133,2902,174963,60
584,55.73215866088867,37.566978454589844,1379,263614,191
585,55.732181549072266,37.6402702331543,3335,219631,65
586,55.7321891784668,37.6402702331543,1580,80774,51
587,55.73219680786133,37.572017669677734,1024,72016,70
588,55.73220443725586,37.63751220703125,2151,229386,106
589,55.732208251953125,37.6305046081543,1109,73038,65
590,55.732208251953125,37.63051986694336,629,36096,57
591,55.732208251953125,37.64028549194336,2696,126917,47
592,55.732234954833984,37.62028121948242,3262,491799,150
593,55.73225021362305,37.671485900878906,1231,72467,58
594,55.73227310180664,37.64841842651367,289,17771,61
595,55.7322998046875,37.56482696533203,265,15308,57
596,55.73234558105469,37.56483840942383,324,29258,90
597,55.732383728027344,37.5946044921875,1722,88358,51
598,55.73241424560547,37.59461975097656,616,22121,35
599,55.7324333190918,37.62895202636719,391,30507,78
600,55.73251724243164,37.603023529052734,4701,309310,65
601,55.7325439453125,37.632484436035156,788,45893,58
602,55.73257064819336,37.61479187011719,886,129790,146
603,55.73257827758789,37.61479187011719,159,21145,132
604,55.732582092285156,37.62214660644531,607,39595,65
605,55.732582092285156,37.62216567993164,1296,133185,102
606,55.73259353637695,37.62733840942383,674,43985,65
607,55.73261260986328,37.62735366821289,830,60967,73
608,55.73261260986328,37.633216857910156,239,14084,58
609,55.73262405395508,37.63321304321289,763,36099,47
610,55.73263168334961,37.601173400878906,442,42795,96
611,55.732669830322266,37.62923049926758,400,32169,80
612,55.732704162597656,37.62419891357422,2112,142195,67
613,55.73271942138672,37.62419509887695,448,13493,30
614,55.73273849487305,37.6241340637207,1725,243427,141
615,55.73274230957031,37.6008186340332,491,36710,74
616,55.7327880859375,37.555511474609375,968,44246,45
617,55.732872009277344,37.62982940673828,718,112843,157
618,55.73289108276367,37.65861129760742,1053,67554,64
619,55.73293685913086,37.619537353515625,1252,73886,59
620,55.732940673828125,37.601463317871094,1609,79417,49
621,55.73294448852539,37.60104751586914,1974,127853,64
622,55.73294448852539,37.61953353881836,945,77536,82
623,55.73294448852539,37.648040771484375,292,15042,51
624,55.73308181762695,37.60120391845703,2898,157452,54
625,55.73311996459961,37.61733627319336,427,30588,71
626,55.73312759399414,37.61738204956055,750,95199,126
627,55.733158111572266,37.61612319946289,52,3892,74
628,55.73320388793945,37.59323501586914,1594,100964,63
629,55.73321533203125,37.5932502746582,1795,109358,60
630,55.73326110839844,37.63895797729492,1261,90355,71
631,55.733272552490234,37.63895797729492,799,58795,73
632,55.73330307006836,37.63215637207031,352,27992,79
633,55.73331832885742,37.63210678100586,905,97653,107
634,55.73332214355469,37.615074157714844,10,1301,130
635,55.73334884643555,37.60963439941406,295,24389,82
636,55.73335647583008,37.609649658203125,1807,247292,136
637,55.73346710205078,37.65452194213867,155,17856,115
638,55.73347091674805,37.62294387817383,169,12541,74
639,55.73347854614258,37.62294387817383,165,15522,94
640,55.7335090637207,37.61375045776367,110,7077,64
641,55.733604431152344,37.624515533447266,1045,45087,43
642,55.73362731933594,37.62749481201172,651,54977,84
643,55.73363494873047,37.62749481201172,1196,69790,58
644,55.733665466308594,37.657527923583984,278,13469,48
645,55.73371505737305,37.62572479248047,810,67491,83
646,55.73378372192383,37.62451171875,1496,127711,85
647,55.73379898071289,37.56607437133789,157,9015,57
648,55.733863830566406,37.634159088134766,1197,52278,43
649,55.73394775390625,37.63418960571289,439,40632,92
650,55.73399353027344,37.657264709472656,657,55086,83
651,55.734066009521484,37.564266204833984,763,45095,59
652,55.734092712402344,37.60185241699219,1040,85126,81
653,55.73410415649414,37.65402603149414,149,11585,77
654,55.7341423034668,37.59748840332031,1719,96911,56
655,55.73414993286133,37.65422058105469,211,17058,80
656,55.73418426513672,37.63624954223633,898,87881,97
657,55.73419952392578,37.6016731262207,745,65321,87
658,55.73420715332031,37.593204498291016,7423,573522,77
659,55.73420715332031,37.63838195800781,480,39533,82
660,55.73421859741211,37.63836669921875,249,12313,49
661,55.73428726196289,37.67813491821289,396,23200,58
662,55.73431396484375,37.6166877746582,126,8386,66
663,55.73433303833008,37.6166877746582,269,20517,76
664,55.73436737060547,37.567665100097656,471,76240,161
665,55.73436737060547,37.56768035888672,528,81677,154
666,55.734371185302734,37.59629821777344,1128,63105,55
667,55.734378814697266,37.61332702636719,1920,122686,63
668,55.7343864440918,37.61332321166992,1425,70618,49
669,55.734439849853516,37.59523010253906,406,31316,77
670,55.734439849853516,37.61235046386719,496,17534,35
671,55.73444747924805,37.61235046386719,1162,40912,35
672,55.7344970703125,37.59623336791992,1475,124418,84
673,55.73451232910156,37.6286735534668,957,59182,61
674,55.73457336425781,37.60274124145508,335,32586,97
675,55.73460006713867,37.602806091308594,764,55444,72
676,55.734619140625,37.626216888427734,1038,57474,55
677,55.73463439941406,37.56536102294922,212,11133,52
678,55.734642028808594,37.59547805786133,237,10790,45
679,55.734642028808594,37.59549331665039,1751,82230,46
680,55.734676361083984,37.60246658325195,602,72299,120
681,55.73470687866211,37.60261154174805,851,57634,67
682,55.73472595214844,37.59811782836914,1586,98721,62
683,55.73472595214844,37.65669631958008,637,38314,60
684,55.7347412109375,37.63603973388672,458,26379,57
685,55.73475646972656,37.63600540161133,484,39594,81
686,55.734806060791016,37.63642120361328,207,39850,192
687,55.734867095947266,37.61939239501953,4678,460127,98
688,55.734893798828125,37.63121032714844,597,61984,103
689,55.73493194580078,37.63307189941406,603,43857,72
690,55.73506164550781,37.633243560791016,1962,79023,40
691,55.735111236572266,37.597625732421875,431,21369,49
692,55.73522186279297,37.56566619873047,10270,767124,74
693,55.735225677490234,37.59394454956055,12702,1054218,82
694,55.735267639160156,37.60396194458008,1394,120896,86
695,55.73527145385742,37.61361312866211,263,10440,39
696,55.735286712646484,37.62791442871094,2331,161230,69
697,55.735294342041016,37.62791442871094,1900,4295061274,2260558
698,55.735313415527344,37.625572204589844,368,19112,51
699,55.735321044921875,37.58793640136719,1004,86586,86
700,55.735328674316406,37.587921142578125,635,61509,96
701,55.73533248901367,37.625572204589844,531,47692,89
702,55.735626220703125,37.666419982910156,674,61372,91
703,55.73564147949219,37.617149353027344,508,39405,77
704,55.735660552978516,37.61713409423828,254,21559,84
705,55.73567581176758,37.671573638916016,1585,116676,73
706,55.735713958740234,37.639732360839844,898,81186,90
707,55.73572540283203,37.63971710205078,986,65898,66
708,55.73575210571289,37.629459381103516,2732,143518,52
709,55.73576354980469,37.62947463989258,6013,679947,113
710,55.73579406738281,37.615394592285156,191,14519,76
711,55.73579406738281,37.61540985107422,214,14874,69
712,55.73582077026367,37.651729583740234,660,49308,74
713,55.73583984375,37.59416198730469,436,62012,142
714,55.735870361328125,37.644935607910156,819,54459,66
715,55.735897064208984,37.619117736816406,827,55903,67
716,55.73590850830078,37.619117736816406,1689,88649,52
717,55.73607635498047,37.61429977416992,2763,147285,53
718,55.73616027832031,37.63704299926758,785,75612,96
719,55.7363166809082,37.63173294067383,1516,69947,46
720,55.73632049560547,37.595149993896484,4120,308912,74
721,55.73633575439453,37.6317138671875,2334,114879,49
722,55.73637390136719,37.64252853393555,32,3880,121
723,55.736385345458984,37.64252853393555,60,4031,67
724,55.736454010009766,37.59457015991211,2404,146507,60
725,55.73645782470703,37.592529296875,5908,529778,89
726,55.7364616394043,37.65622329711914,263,16239,61
727,55.73646545410156,37.594566345214844,1633,77615,47
728,55.736473083496094,37.65620803833008,482,35261,73
729,55.73647689819336,37.645328521728516,1327,120767,91
730,55.736488342285156,37.645328521728516,344,14114,41
731,55.73649978637695,37.6774787902832,659,69992,106
732,55.73653793334961,37.61750030517578,2599,199891,76
733,55.73653793334961,37.617515563964844,235,10333,43
734,55.73659133911133,37.63457489013672,283,17819,62
735,55.736602783203125,37.63455581665039,288,13403,46
736,55.73662567138672,37.67205047607422,27,1998,74
737,55.73668670654297,37.59135437011719,4169,198350,47
738,55.73671340942383,37.627925872802734,993,53914,54
739,55.736724853515625,37.6279411315918,1427,83488,58
740,55.73678207397461,37.635520935058594,673,43285,64
741,55.736793518066406,37.635520935058594,505,28661,56
742,55.736854553222656,37.632144927978516,597,34355,57
743,55.736942291259766,37.61603927612305,250,18335,73
744,55.736942291259766,37.61605453491211,315,13332,42
745,55.73695373535156,37.61301040649414,137,12858,93
746,55.737064361572266,37.62343978881836,46,2607,56
747,55.737064361572266,37.63105392456055,2407,161351,67
748,55.737083435058594,37.63105392456055,2785,158890,57
749,55.73712158203125,37.69489288330078,720,42588,59
750,55.73716735839844,37.623783111572266,655,38223,58
751,55.737274169921875,37.58832550048828,1388,56212,40
752,55.737281799316406,37.58831024169922,2462,149942,60
753,55.737369537353516,37.58498001098633,142,12886,90
754,55.73737716674805,37.61861801147461,1135,72903,64
755,55.73737716674805,37.64878463745117,996,41616,41
756,55.73737716674805,37.6725959777832,217,9696,44
757,55.737388610839844,37.648799896240234,630,22771,36
758,55.73739242553711,37.65285110473633,461,38926,84
759,55.737396240234375,37.57975387573242,1102,61398,55
760,55.737422943115234,37.672611236572266,356,13998,39
761,55.73746109008789,37.6448974609375,372,23393,62
762,55.73746871948242,37.644893646240234,248,12296,49
763,55.73754119873047,37.64487838745117,486,21905,45
764,55.737586975097656,37.5843505859375,641,43219,67
765,55.73765182495117,37.584476470947266,1347,74908,55
766,55.7376594543457,37.54310607910156,1434,83852,58
767,55.73767852783203,37.584537506103516,1557,62150,39
768,55.73769760131836,37.63146209716797,1012,73655,72
769,55.73775100708008,37.63467788696289,1291,110309,85
770,55.737770080566406,37.63469314575195,1943,140257,72
771,55.7377815246582,37.63468933105469,837,43931,52
772,55.73778533935547,37.620052337646484,387,34209,88
773,55.737796783447266,37.62006759643555,411,46165,112
774,55.73780059814453,37.63896560668945,2107,170240,80
775,55.73781967163086,37.57016372680664,308,18097,58
776,55.737823486328125,37.62553405761719,1430,122339,85
777,55.73783493041992,37.57016372680664,562,31107,55
778,55.73783493041992,37.5701789855957,353,28786,81
779,55.73785400390625,37.628318786621094,1397,94369,67
780,55.73785400390625,37.628334045410156,947,51057,53
781,55.737876892089844,37.613582611083984,1793,253132,141
782,55.737884521484375,37.61359786987305,1236,151095,122
783,55.7379035949707,37.616050720214844,5607,391666,69
784,55.7379150390625,37.616050720214844,6749,548829,81
785,55.73796081542969,37.63317108154297,1103,74503,67
786,55.73801803588867,37.60865783691406,444,50446,113
787,55.7380256652832,37.60865783691406,1329,104149,78
788,55.738101959228516,37.59552764892578,7473,561859,75
789,55.73810577392578,37.61247634887695,181,22917,126
790,55.73810958862305,37.6168098449707,872,97249,111
791,55.73810958862305,37.657588958740234,1776,199603,112
792,55.73812484741211,37.61250686645508,637,57326,89
793,55.738128662109375,37.616790771484375,173,9275,53
794,55.7382698059082,37.648277282714844,850,50296,59
795,55.73828887939453,37.58601379394531,5991,317694,53
796,55.738338470458984,37.67329788208008,991,52513,52
797,55.738346099853516,37.67331314086914,352,20669,58
798,55.73844528198242,37.63411331176758,1467,104256,71
799,55.73846435546875,37.63412857055664,665,44238,66
800,55.73855209350586,37.638694763183594,1205,83902,69
801,55.738643646240234,37.651798248291016,198,8404,42
802,55.738643646240234,37.651817321777344,287,19863,69
803,55.738651275634766,37.651817321777344,933,59640,63
804,55.73865509033203,37.618221282958984,1821,165399,90
805,55.738677978515625,37.58511734008789,2182,155583,71
806,55.738677978515625,37.64824676513672,336,14304,42
807,55.738685607910156,37.64826202392578,153,10776,70
808,55.7387580871582,37.64427947998047,432,23465,54
809,55.73876953125,37.6442756652832,324,15833,48
810,55.73883056640625,37.59309768676758,244,17646,72
811,55.73883819580078,37.593082427978516,1288,138012,107
812,55.73884963989258,37.61056900024414,359,29320,81
813,55.738895416259766,37.61071014404297,749,65870,87
814,55.738895416259766,37.62582778930664,1610,136638,84
815,55.7389030456543,37.610694885253906,273,22462,82
816,55.73893737792969,37.54744338989258,3901,333414,85
817,55.73893737792969,37.54745864868164,2888,148640,51
818,55.73894119262695,37.57643127441406,873,52296,59
819,55.73898696899414,37.62926483154297,588,35948,61
820,55.739017486572266,37.62466049194336,850,62417,73
821,55.7390251159668,37.62466049194336,1110,53002,47
822,55.73910903930664,37.62980270385742,955,47833,50
823,55.73911666870117,37.62980270385742,2827,158013,55
824,55.7391357421875,37.61616516113281,3043,224061,73
825,55.7391357421875,37.62820816040039,1617,89170,55
826,55.73916244506836,37.65089797973633,1176,63891,54
827,55.739234924316406,37.60576248168945,1074,73363,68
828,55.73925018310547,37.60576248168945,361,23571,65
829,55.7392578125,37.5487060546875,3207,217581,67
830,55.7392578125,37.62685012817383,593,36243,61
831,55.7392578125,37.649662017822266,1458,101024,69
832,55.73926544189453,37.54872131347656,4568,378989,82
833,55.73926544189453,37.62685012817383,412,27134,65
834,55.73926544189453,37.64967727661133,505,20519,40
835,55.73927688598633,37.605743408203125,153,15314,100
836,55.739341735839844,37.67409133911133,2151,131077,60
837,55.73935317993164,37.674076080322266,588,27414,46
838,55.73939514160156,37.57659149169922,130,7955,61
839,55.739402770996094,37.57659149169922,124,9356,75
840,55.739402770996094,37.63343811035156,793,40080,50
841,55.739410400390625,37.6334228515625,1298,96794,74
842,55.73942184448242,37.580528259277344,191,21902,114
843,55.739444732666016,37.65288543701172,2525,163551,64
844,55.73944854736328,37.61741256713867,2194,183674,83
845,55.739505767822266,37.66902160644531,1704,90351,53
846,55.739505767822266,37.669036865234375,1526,103240,67
847,55.7395133972168,37.659767150878906,806,59041,73
848,55.73954391479492,37.5756950378418,293,14855,50
849,55.73956298828125,37.57577133178711,152,9241,60
850,55.73960494995117,37.584835052490234,762,30133,39
851,55.73963928222656,37.58063888549805,252,21025,83
852,55.73965835571289,37.574764251708984,443,37086,83
853,55.739662170410156,37.57477951049805,455,62495,137
854,55.739688873291016,37.59136199951172,243,19521,80
855,55.73970031738281,37.591331481933594,247,14145,57
856,55.73974609375,37.66507339477539,5668,367110,64
857,55.73977279663086,37.56717300415039,1005,42820,42
858,55.73979187011719,37.63935089111328,188,10969,58
859,55.73979949951172,37.639366149902344,315,16333,51
860,55.73980712890625,37.609596252441406,464,40722,87
861,55.739810943603516,37.54245376586914,1652,173106,104
862,55.73982620239258,37.60956573486328,502,32785,65
863,55.73982620239258,37.66313171386719,434,23566,54
864,55.73983383178711,37.663116455078125,460,19863,43
865,55.73984146118164,37.62604904174805,179,7951,44
866,55.73985290527344,37.59461975097656,908,54879,60
867,55.73986053466797,37.626033782958984,5164,380628,73
868,55.739898681640625,37.596370697021484,1361,93348,68
869,55.73991012573242,37.596370697021484,2037,170703,83
870,55.73992919921875,37.660213470458984,641,49169,76
871,55.739967346191406,37.630043029785156,1647,57194,34
872,55.740055084228516,37.63005447387695,3049,158589,52
873,55.74007797241211,37.580623626708984,833,84138,101
874,55.74013137817383,37.63285827636719,958,50097,52
875,55.74013900756836,37.59376525878906,190,12407,65
876,55.740150451660156,37.59375,527,27361,51
877,55.74015808105469,37.63288879394531,1634,131244,80
878,55.74016189575195,37.58951187133789,498,30002,60
879,55.740177154541016,37.632904052734375,1407,90436,64
880,55.740177154541016,37.65095138549805,1925,95887,49
881,55.740177154541016,37.674781799316406,661,25062,37
882,55.74018859863281,37.65095138549805,705,30507,43
883,55.74018859863281,37.67479705810547,358,12681,35
884,55.74021911621094,37.58974838256836,838,51532,61
885,55.74022674560547,37.58976364135742,1020,44463,43
886,55.740291595458984,37.640625,2572,338419,131
887,55.74030685424805,37.64060974121094,1665,128486,77
888,55.74037170410156,37.6268424987793,200,21029,105
889,55.74038314819336,37.62810134887695,1096,56584,51
890,55.74039077758789,37.57352828979492,4498,391486,87
891,55.74040603637695,37.63479232788086,594,41566,69
892,55.74040603637695,37.63480758666992,444,23072,51
893,55.74041748046875,37.646610260009766,1061,50093,47
894,55.740455627441406,37.661407470703125,2020,132514,65
895,55.740455627441406,37.66142272949219,1027,40062,39
896,55.74046325683594,37.65409469604492,498,21535,43
897,55.740474700927734,37.654109954833984,1218,59737,49
898,55.740478515625,37.58891296386719,491,26962,54
899,55.7404899597168,37.584415435791016,1966,134027,68
900,55.740501403808594,37.584415435791016,913,42023,46
901,55.740509033203125,37.62809753417969,4223,321832,76
902,55.740516662597656,37.62473678588867,5191,563989,108
903,55.74056625366211,37.60428237915039,608,87983,144
904,55.74056625366211,37.604312896728516,159,17538,110
905,55.7405891418457,37.62068557739258,1383,111680,80
906,55.74062728881836,37.53790283203125,396,16241,41
907,55.740631103515625,37.621177673339844,4262,293117,68
908,55.740631103515625,37.656002044677734,1844,150020,81
909,55.740631103515625,37.65603256225586,6575,578263,87
910,55.74064254760742,37.65239334106445,6385,429820,67
911,55.74067306518555,37.616241455078125,879,36741,41
912,55.74068069458008,37.61623764038086,1330,52907,39
913,55.740684509277344,37.63798141479492,287,17937,62
914,55.74075698852539,37.58340072631836,377,30558,81
915,55.74077224731445,37.583457946777344,366,20510,56
916,55.74077224731445,37.610694885253906,188,18382,97
917,55.74077224731445,37.61071014404297,178,19038,106
918,55.74082946777344,37.536407470703125,3944,290937,73
919,55.7408332824707,37.59169006347656,7081,807599,114
920,55.74083709716797,37.629981994628906,721,73758,102
921,55.7408447265625,37.629947662353516,6883,554780,80
922,55.740848541259766,37.630985260009766,384,24707,64
923,55.740848541259766,37.63100051879883,197,9385,47
924,55.74085235595703,37.592403411865234,1151,150739,130
925,55.74089813232422,37.6290397644043,1455,76636,52
926,55.740928649902344,37.63595199584961,444,33059,74
927,55.74093246459961,37.62248992919922,782,62919,80
928,55.74093246459961,37.62250518798828,499,31545,63
929,55.74093246459961,37.62874984741211,1204,120872,100
930,55.74094009399414,37.55429458618164,1300,83098,63
931,55.74094009399414,37.63595199584961,393,23260,59
932,55.7409553527832,37.626869201660156,5174,358916,69
933,55.740970611572266,37.58551788330078,1804,118890,65
934,55.740989685058594,37.64302062988281,130,4672,35
935,55.74099349975586,37.62000274658203,177,5679,32
936,55.74100112915039,37.6236686706543,1151,69364,60
937,55.74100112915039,37.64302062988281,301,12547,41
938,55.74101257324219,37.61998748779297,204,10658,52
939,55.74102783203125,37.53900146484375,159,3569,22
940,55.74103546142578,37.592681884765625,1133,49714,43
941,55.74104309082031,37.59270095825195,1981,136631,68
942,55.74105453491211,37.5389518737793,321,10659,33
943,55.74106216430664,37.5764045715332,592,37336,63
944,55.74107360839844,37.57640075683594,736,50722,68
945,55.74109649658203,37.58795166015625,307,17833,58
946,55.7411003112793,37.60873794555664,333,16406,49
947,55.741111755371094,37.60873794555664,751,27683,36
948,55.74111557006836,37.587947845458984,145,8895,61
949,55.74114990234375,37.632408142089844,61,5955,97
950,55.741153717041016,37.62124252319336,1224,81192,66
951,55.74116134643555,37.62122344970703,2277,271213,119
952,55.74116134643555,37.632389068603516,741,34227,46
953,55.74116897583008,37.632408142089844,197,8236,41
954,55.74118423461914,37.624839782714844,3931,228141,58
955,55.74118423461914,37.62638473510742,6436,498051,77
956,55.74118423461914,37.63766098022461,266,13385,50
957,55.74119186401367,37.624839782714844,1537,90994,59
958,55.7411994934082,37.6376953125,193,9421,48
959,55.741207122802734,37.650516510009766,4883,381264,78
960,55.7412109375,37.63771057128906,424,25494,60
961,55.7412109375,37.67570114135742,902,36431,40
962,55.74122619628906,37.650516510009766,267,15572,58
963,55.74134063720703,37.59517288208008,408,33560,82
964,55.74136734008789,37.59514236450195,676,29951,44
965,55.74137878417969,37.53738021850586,937,40118,42
966,55.741416931152344,37.58430862426758,613,23091,37
967,55.74161911010742,37.673519134521484,113,6833,60
968,55.74163818359375,37.64295196533203,486,27413,56
969,55.74165344238281,37.628440856933594,1988,161739,81
970,55.74167251586914,37.62843704223633,3795,371039,97
971,55.741676330566406,37.59941482543945,3679,271116,73
972,55.74169921875,37.62843704223633,3921,282328,72
973,55.74169921875,37.6544189453125,8395,443497,52
974,55.7417106628418,37.586700439453125,599,29190,48
975,55.7417106628418,37.58671569824219,142,13324,93
976,55.7417106628418,37.673500061035156,225,13135,58
977,55.741722106933594,37.53832244873047,978,41468,42
978,55.741729736328125,37.538352966308594,817,21245,26
979,55.74180221557617,37.59391403198242,491,26811,54
980,55.74181365966797,37.593929290771484,594,23613,39
981,55.7418212890625,37.593929290771484,162,6772,41
982,55.7418212890625,37.676239013671875,422,10290,24
983,55.741920471191406,37.61931610107422,827,57355,69
984,55.741966247558594,37.577613830566406,1641,135947,82
985,55.74197006225586,37.58403015136719,1224,61801,50
986,55.74201965332031,37.53910827636719,1193,33539,28
987,55.742027282714844,37.58503341674805,1708,294902,172
988,55.742034912109375,37.58503341674805,741,38426,51
989,55.74203872680664,37.65262222290039,3408,209993,61
990,55.74208068847656,37.54835891723633,774,40582,52
991,55.742103576660156,37.61556625366211,1163,72660,62
992,55.74211883544922,37.61537551879883,288,9603,33
993,55.74221420288086,37.63810729980469,545,24792,45
994,55.742225646972656,37.602455139160156,284,23233,81
995,55.742244720458984,37.595428466796875,2263,184630,81
996,55.74224853515625,37.587982177734375,697,76868,110
997,55.742252349853516,37.595428466796875,1049,51884,49
998,55.74225616455078,37.58799743652344,364,24617,67
999,55.74226760864258,37.631492614746094,2253,216554,96
1000,55.7422981262207,37.63212966918945,1172,76569,65
1001,55.74237823486328,37.54229736328125,179,4921,27
1002,55.74239730834961,37.54231262207031,596,48137,80
1003,55.74246597290039,37.639122009277344,387,14213,36
1004,55.74249267578125,37.639305114746094,168,5491,32
1005,55.742557525634766,37.63363265991211,1103,97850,88
1006,55.742576599121094,37.606666564941406,2231,129742,58
1007,55.74259567260742,37.636863708496094,550,28870,52
1008,55.742610931396484,37.629615783691406,1894,92478,48
1009,55.74261474609375,37.62521743774414,975,50753,52
1010,55.742618560791016,37.540931701660156,1219,51049,41
1011,55.74262619018555,37.58384704589844,301,12481,41
1012,55.74262619018555,37.62520217895508,1098,89101,81
1013,55.74262619018555,37.67445755004883,1179,74984,63
1014,55.742637634277344,37.58827590942383,552,83370,151
1015,55.742645263671875,37.588260650634766,490,34694,70
1016,55.74264907836914,37.615936279296875,3658,208669,57
1017,55.74266815185547,37.651756286621094,545,42441,77
1018,55.74266815185547,37.67621994018555,947,44554,47
1019,55.74268341064453,37.65401840209961,3245,181819,56
1020,55.7426872253418,37.57771301269531,500,29410,58
1021,55.74269485473633,37.65400314331055,3627,308070,84
1022,55.74269485473633,37.65403366088867,1550,91763,59
1023,55.742733001708984,37.603599548339844,183,10818,59
1024,55.742740631103516,37.603599548339844,239,34376,143
1025,55.7427978515625,37.6401481628418,67,3625,54
1026,55.7428092956543,37.598655700683594,1227,94409,76
1027,55.742820739746094,37.63066101074219,6875,536346,78
1028,55.74282455444336,37.640220642089844,129,9202,71
1029,55.742828369140625,37.57880783081055,155,18911,122
1030,55.74283218383789,37.630741119384766,3286,167079,50
1031,55.7429084777832,37.620094299316406,537,27717,51
1032,55.74291229248047,37.596439361572266,2299,118831,51
1033,55.742919921875,37.59086227416992,2712,222063,81
1034,55.7429313659668,37.6445198059082,573,44502,77
1035,55.74296188354492,37.543643951416016,730,30441,41
1036,55.74298095703125,37.54367446899414,700,24399,34
1037,55.74299240112305,37.60055923461914,13093,502476,38
1038,55.74301528930664,37.53486251831055,874,80516,92
1039,55.743038177490234,37.64957809448242,791,97325,123
1040,55.74308395385742,37.63640213012695,1350,77745,57
1041,55.74308395385742,37.64954376220703,356,36539,102
1042,55.74308395385742,37.6529541015625,1205,57339,47
1043,55.74308776855469,37.620025634765625,706,49806,70
1044,55.74309539794922,37.65293502807617,1770,122781,69
1045,55.743106842041016,37.5845947265625,520,20283,39
1046,55.74311828613281,37.5845947265625,1340,52614,39
1047,55.74311828613281,37.60116195678711,11646,530194,45
1048,55.74311828613281,37.63220977783203,3399,152793,44
1049,55.74312210083008,37.652950286865234,416,31473,75
1050,55.74314880371094,37.62846755981445,3999,212037,53
1051,55.74315643310547,37.63007354736328,843,43068,51
1052,55.7431755065918,37.628448486328125,3501,206069,58
1053,55.743263244628906,37.551300048828125,452,40745,90
1054,55.743263244628906,37.64189910888672,758,31644,41
1055,55.74329376220703,37.639102935791016,418,26394,63
1056,55.7432975769043,37.542564392089844,601,19321,32
1057,55.743309020996094,37.542579650878906,812,39441,48
1058,55.74332046508789,37.60559844970703,693,28022,40
1059,55.74332046508789,37.63911819458008,417,21135,50
1060,55.743324279785156,37.615478515625,1100,58750,53
1061,55.74332809448242,37.605552673339844,763,40418,52
1062,55.74336624145508,37.65219497680664,2512,152521,60
1063,55.74342346191406,37.63329315185547,2861,121427,42
1064,55.74345397949219,37.60698318481445,726,29661,40
1065,55.74345779418945,37.59780502319336,1932,85384,44
1066,55.743465423583984,37.5976448059082,519,54162,104
1067,55.74352264404297,37.59796142578125,1582,73669,46
1068,55.74352264404297,37.6306037902832,1958,94071,48
1069,55.743560791015625,37.60151290893555,2436,126283,51
1070,55.74358367919922,37.54526138305664,1129,58871,52
1071,55.74359130859375,37.545310974121094,294,14372,48
1072,55.74359130859375,37.601593017578125,396,26835,67
1073,55.74361801147461,37.57814025878906,198,8633,43
1074,55.74362564086914,37.578155517578125,339,21506,63
1075,55.74366760253906,37.631507873535156,327,20149,61
1076,55.74367141723633,37.62480163574219,1369,119572,87
1077,55.74371337890625,37.65455627441406,2686,197868,73
1078,55.74372482299805,37.65455627441406,1629,94475,57
1079,55.74374771118164,37.60349655151367,1907,76363,40
1080,55.74384307861328,37.61906051635742,3076,153278,49
1081,55.74386978149414,37.678096771240234,709,32860,46
1082,55.74388122558594,37.6781120300293,979,57018,58
1083,55.743896484375,37.62783432006836,3079,239154,77
1084,55.743919372558594,37.640403747558594,551,41711,75
1085,55.74393081665039,37.63835906982422,1174,53945,45
1086,55.743934631347656,37.6329460144043,1270,43425,34
1087,55.74396896362305,37.63132095336914,1032,88844,86
1088,55.743980407714844,37.58555221557617,623,26264,42
1089,55.743980407714844,37.63130569458008,527,55039,104
1090,55.74402618408203,37.58319091796875,355,10556,29
1091,55.744075775146484,37.59047317504883,1192,114804,96
1092,55.744075775146484,37.59048843383789,401,26848,66
1093,55.74407958984375,37.5831413269043,202,7738,38
1094,55.744083404541016,37.59048843383789,192,10111,52
1095,55.74412155151367,37.62413024902344,954,95160,99
1096,55.744136810302734,37.58729934692383,732,50163,68
1097,55.744136810302734,37.59835433959961,566,26491,46
1098,55.744197845458984,37.5982551574707,145,10355,71
1099,55.744205474853516,37.57855224609375,474,26189,55
1100,55.74421310424805,37.6258659362793,453,50858,112
1101,55.74421691894531,37.578548431396484,422,30600,72
1102,55.744224548339844,37.62586212158203,495,37881,76
1103,55.74424362182617,37.62858581542969,1327,106056,79
1104,55.744319915771484,37.649837493896484,1321,66790,50
1105,55.74432373046875,37.54570007324219,2813,179423,63
1106,55.744327545166016,37.649818420410156,1562,86933,55
1107,55.74434280395508,37.59109878540039,3,330,110
1108,55.74435806274414,37.62491989135742,1349,118345,87
1109,55.7443962097168,37.5920524597168,90,8799,97
1110,55.74440002441406,37.562618255615234,3324,307346,92
1111,55.74440002441406,37.624900817871094,1036,101421,97
1112,55.74441146850586,37.6025505065918,2082,103627,49
1113,55.74443054199219,37.58396530151367,1371,61986,45
1114,55.744468688964844,37.63475036621094,2545,130475,51
1115,55.744483947753906,37.65166091918945,345,35230,102
1116,55.74451446533203,37.55705261230469,1836,109822,59
1117,55.74458694458008,37.61494064331055,3179,142364,44
1118,55.74460983276367,37.60129928588867,4184,299026,71
1119,55.744651794433594,37.59520721435547,1148,98191,85
1120,55.74466323852539,37.63725280761719,1186,111944,94
1121,55.74468994140625,37.637237548828125,1976,167453,84
1122,55.744712829589844,37.610965728759766,875,46465,53
1123,55.744728088378906,37.601295471191406,4605,318493,69
1124,55.74478530883789,37.59292984008789,1039,83334,80
1125,55.74478530883789,37.59294509887695,539,28328,52
1126,55.744808197021484,37.60438537597656,187,15592,83
1127,55.744834899902344,37.596923828125,1327,94707,71
1128,55.74485397338867,37.60435104370117,722,73314,101
1129,55.74485397338867,37.6043815612793,278,15996,57
1130,55.744876861572266,37.59125518798828,862,58988,68
1131,55.744903564453125,37.67903137207031,634,38352,60
1132,55.744937896728516,37.63918685913086,286,24459,85
1133,55.744956970214844,37.63920211791992,168,13495,80
1134,55.744964599609375,37.63920211791992,265,17802,67
1135,55.744972229003906,37.54948043823242,1164,47431,40
1136,55.744972229003906,37.549495697021484,393,28575,72
1137,55.744972229003906,37.599056243896484,483,30141,62
1138,55.74497985839844,37.598995208740234,615,41711,67
1139,55.74506378173828,37.63258743286133,970,57644,59
1140,55.745094299316406,37.6146354675293,1417,69215,48
1141,55.74514389038086,37.6187744140625,3739,251148,67
1142,55.74518966674805,37.58268737792969,1131,56225,49
1143,55.74523162841797,37.58265686035156,2760,160427,58
1144,55.7452507019043,37.63081359863281,794,88331,111
1145,55.74528503417969,37.630828857421875,659,60800,92
1146,55.7453498840332,37.60063552856445,2864,226307,79
1147,55.74541091918945,37.656009674072266,2261,137024,60
1148,55.745418548583984,37.6348876953125,430,32134,74
1149,55.74543762207031,37.652679443359375,166,14491,87
1150,55.745445251464844,37.65266418457031,145,11133,76
1151,55.74549102783203,37.56913757324219,2243,207619,92
1152,55.7454948425293,37.63576889038086,5182,319210,61
1153,55.74551773071289,37.56911849975586,341,26365,77
1154,55.74556350708008,37.65431594848633,485,22249,45
1155,55.74557876586914,37.670597076416016,833,81225,97
1156,55.745609283447266,37.61186218261719,3667,221604,60
1157,55.745635986328125,37.6298942565918,777,46371,59
1158,55.745635986328125,37.646331787109375,370,29903,80
1159,55.74565124511719,37.65487289428711,539,18221,33
1160,55.74565505981445,37.59281921386719,341,19491,57
1161,55.74565887451172,37.65487289428711,527,18088,34
1162,55.745662689208984,37.59281921386719,756,81996,108
1163,55.74568176269531,37.646507263183594,283,26249,92
1164,55.745758056640625,37.62504577636719,401,14853,37
1165,55.745758056640625,37.63301086425781,527,26683,50
1166,55.745758056640625,37.633026123046875,533,27235,51
1167,55.74576187133789,37.62506103515625,1869,95600,51
1168,55.74576950073242,37.62504577636719,2289,135633,59
1169,55.745819091796875,37.56192398071289,655,59534,90
1170,55.745819091796875,37.561954498291016,826,48062,58
1171,55.74583053588867,37.678123474121094,2860,204664,71
1172,55.745853424072266,37.55170822143555,352,18725,53
1173,55.745853424072266,37.551727294921875,531,24632,46
1174,55.745872497558594,37.626380920410156,2710,172946,63
1175,55.74588394165039,37.56684875488281,2422,167907,69
1176,55.74595642089844,37.67647933959961,2014,159705,79
1177,55.74602127075195,37.55989074707031,894,51249,57
1178,55.74602127075195,37.55990982055664,712,38863,54
1179,55.746028900146484,37.680030822753906,539,18444,34
1180,55.74603271484375,37.6309928894043,574,35677,62
1181,55.746063232421875,37.61781692504883,653,43355,66
1182,55.7461051940918,37.56409454345703,776,53118,68
1183,55.7461051940918,37.68020248413086,1944,113493,58
1184,55.74611282348633,37.55875778198242,345,17575,50
1185,55.746116638183594,37.60161209106445,162,17145,105
1186,55.746116638183594,37.62641906738281,3839,214053,55
1187,55.74614334106445,37.681396484375,2402,146412,60
1188,55.746158599853516,37.557193756103516,1121,97249,86
1189,55.746158599853516,37.55725860595703,631,28526,45
1190,55.746158599853516,37.64558410644531,268,19171,71
1191,55.74616622924805,37.645565032958984,144,15796,109
1192,55.74617385864258,37.606788635253906,954,72848,76
1193,55.74618148803711,37.634765625,393,16474,41
1194,55.746192932128906,37.56319808959961,1430,101240,70
1195,55.746192932128906,37.63474655151367,337,14741,43
1196,55.74620819091797,37.629634857177734,410,21384,52
1197,55.74622344970703,37.601593017578125,178,14440,81
1198,55.7462272644043,37.60034942626953,1961,94211,48
1199,55.74623489379883,37.60034942626953,830,40029,48
1200,55.74625778198242,37.6480598449707,3592,185381,51
1201,55.74626159667969,37.606483459472656,1961,148099,75
1202,55.746273040771484,37.590965270996094,293,19444,66
1203,55.746280670166016,37.590965270996094,515,41995,81
1204,55.74629211425781,37.590965270996094,279,20430,73
1205,55.746307373046875,37.56206512451172,392,18486,47
1206,55.746307373046875,37.56208038330078,82,8877,108
1207,55.74636459350586,37.67778778076172,1465,80236,54
1208,55.74637985229492,37.613285064697266,1535,90224,58
1209,55.74638366699219,37.67778778076172,1742,91940,52
1210,55.74638748168945,37.56609344482422,850,59706,70
1211,55.746402740478516,37.60628890991211,2203,204083,92
1212,55.74641036987305,37.609989166259766,1260,75831,60
1213,55.74641418457031,37.582279205322266,680,31510,46
1214,55.746421813964844,37.67117691040039,1285,118117,91
1215,55.746421813964844,37.67122268676758,942,64631,68
1216,55.74645233154297,37.61872863769531,763,68958,90
1217,55.74646759033203,37.55343246459961,1276,76723,60
1218,55.746524810791016,37.597347259521484,581,58211,100
1219,55.74653244018555,37.56618118286133,906,66757,73
1220,55.74653244018555,37.572235107421875,184,7823,42
1221,55.74654006958008,37.57225036621094,478,34583,72
1222,55.746543884277344,37.56618118286133,659,47364,71
1223,55.746543884277344,37.597347259521484,656,72174,110
1224,55.746578216552734,37.5516357421875,501,23738,47
1225,55.746578216552734,37.55165100097656,189,9650,51
1226,55.74663543701172,37.55613327026367,815,28750,35
1227,55.7467155456543,37.557987213134766,848,46213,54
1228,55.7468147277832,37.59284210205078,698,63933,91
1229,55.746822357177734,37.59282684326172,1877,233680,124
1230,55.746826171875,37.56435012817383,513,35877,69
1231,55.746826171875,37.63460159301758,219,13960,63
1232,55.746826171875,37.634620666503906,218,12940,59
1233,55.74684143066406,37.67928695678711,4367,271100,62
1234,55.74686813354492,37.63190460205078,629,33304,52
1235,55.7469367980957,37.6558952331543,2386,138980,58
1236,55.74700927734375,37.641380310058594,2698,143356,53
1237,55.747047424316406,37.58322525024414,1566,102511,65
1238,55.747047424316406,37.62611389160156,2374,187940,79
1239,55.74706268310547,37.582969665527344,3442,192798,56
1240,55.74713897705078,37.591285705566406,630,61368,97
1241,55.74713897705078,37.59130096435547,280,14709,52
1242,55.74714279174805,37.582969665527344,4295,260482,60
1243,55.74715805053711,37.67448043823242,855,60491,70
1244,55.747169494628906,37.65509033203125,2480,148086,59
1245,55.7471809387207,37.65510559082031,1257,88323,70
1246,55.7472038269043,37.675418853759766,1266,77592,61
1247,55.74723815917969,37.599327087402344,5701,366682,64
1248,55.74728012084961,37.57585525512695,904,50136,55
1249,55.74730682373047,37.55635452270508,296,12180,41
1250,55.74730682373047,37.556373596191406,1144,51458,44
1251,55.747310638427734,37.63991928100586,2122,97843,46
1252,55.747318267822266,37.592872619628906,768,49024,63
1253,55.747318267822266,37.59290313720703,726,43965,60
1254,55.747344970703125,37.59822463989258,947,37582,39
1255,55.747344970703125,37.66015625,336,20621,61
1256,55.74736022949219,37.65980911254883,1800,182625,101
1257,55.74736785888672,37.62976837158203,330,32799,99
1258,55.74736785888672,37.629783630371094,217,8472,39
1259,55.74737548828125,37.6531867980957,937,74106,79
1260,55.74738311767578,37.609439849853516,208,15505,74
1261,55.74739456176758,37.5978889465332,1032,46500,45
1262,55.74739456176758,37.597904205322266,402,15407,38
1263,55.74740219116211,37.585140228271484,3097,319358,103
1264,55.74740219116211,37.58834457397461,1027,63354,61
1265,55.747413635253906,37.59788513183594,178,10773,60
1266,55.7474250793457,37.62599182128906,1326,79611,60
1267,55.747432708740234,37.6259880065918,2904,311435,107
1268,55.747440338134766,37.612239837646484,1764,113760,64
1269,55.7474479675293,37.58835983276367,411,34830,84
1270,55.7474479675293,37.588375091552734,247,29998,121
1271,55.747467041015625,37.65105056762695,1840,176410,95
1272,55.747467041015625,37.65108108520508,912,48143,52
1273,55.74749755859375,37.55725860595703,396,12778,32
1274,55.74749755859375,37.557273864746094,437,17962,41
1275,55.74753952026367,37.60761642456055,4103,366392,89
1276,55.74755096435547,37.595062255859375,547,54081,98
1277,55.74755859375,37.595027923583984,715,42541,59
1278,55.74755859375,37.59504699707031,1012,65170,64
1279,55.747615814208984,37.64651870727539,1282,51284,40
1280,55.74763107299805,37.65999221801758,1713,143933,84
1281,55.74763488769531,37.646488189697266,2250,106188,47
1282,55.74765396118164,37.596397399902344,61,4323,70
1283,55.74765396118164,37.596412658691406,39,4376,112
1284,55.747676849365234,37.59743118286133,2181,170469,78
1285,55.74769973754883,37.628273010253906,334,17933,53
1286,55.747711181640625,37.628273010253906,868,62386,71
1287,55.747745513916016,37.58619689941406,4695,340149,72
1288,55.74777603149414,37.55562210083008,388,16284,41
1289,55.74779510498047,37.555702209472656,291,16053,55
1290,55.74781799316406,37.58443069458008,2341,213504,91
1291,55.74791717529297,37.57316207885742,323,12651,39
1292,55.74799346923828,37.6812858581543,5686,418982,73
1293,55.74810791015625,37.61073684692383,533,19389,36
1294,55.74814987182617,37.681488037109375,4833,481669,99
1295,55.748165130615234,37.61052703857422,1383,72393,52
1296,55.748172760009766,37.58756637573242,2474,146586,59
1297,55.74817657470703,37.63219451904297,6169,447872,72
1298,55.74818420410156,37.61052703857422,275,30650,111
1299,55.74819564819336,37.61058807373047,763,31859,41
1300,55.74821472167969,37.62526321411133,3669,214824,58
1301,55.748233795166016,37.570621490478516,394,30456,77
1302,55.748374938964844,37.57217025756836,583,58797,100
1303,55.748374938964844,37.64546203613281,4445,221058,49
1304,55.748382568359375,37.57217025756836,284,13308,46
1305,55.74845504760742,37.592369079589844,855,111738,130
1306,55.74845886230469,37.65531539916992,799,38731,48
1307,55.74846267700195,37.56448745727539,553,35189,63
1308,55.74846649169922,37.65531539916992,702,18986,27
1309,55.74847412109375,37.56448745727539,267,11755,44
1310,55.74848175048828,37.592384338378906,760,62614,82
1311,55.748504638671875,37.610069274902344,3178,140466,44
1312,55.748512268066406,37.588111877441406,1827,78588,43
1313,55.74851989746094,37.5948371887207,88,3001,34
1314,55.74854278564453,37.58428955078125,617,30976,50
1315,55.74855041503906,37.584285736083984,1514,58809,38
1316,55.74856185913086,37.599517822265625,1015,53696,52
1317,55.748573303222656,37.599517822265625,1701,107516,63
1318,55.74859619140625,37.59132766723633,1650,253788,153
1319,55.74861526489258,37.628849029541016,2645,118803,44
1320,55.74863052368164,37.591312408447266,613,41624,67
1321,55.74864959716797,37.55967330932617,712,46671,65
1322,55.74864959716797,37.58901596069336,1503,106271,70
1323,55.74867630004883,37.5820198059082,7071,458935,64
1324,55.7487678527832,37.56571960449219,637,39892,62
1325,55.748775482177734,37.56571960449219,229,9598,41
1326,55.748802185058594,37.681331634521484,2088,174350,83
1327,55.74881362915039,37.56209945678711,459,16611,36
1328,55.74884033203125,37.611331939697266,6089,331390,54
1329,55.7489128112793,37.585243225097656,763,46775,61
1330,55.748931884765625,37.58529281616211,732,47237,64
1331,55.74897003173828,37.59735107421875,3585,509519,142
1332,55.74897766113281,37.59735107421875,630,36610,58
1333,55.74899673461914,37.648624420166016,1375,92661,67
1334,55.749019622802734,37.59469223022461,663,46783,70
1335,55.74903106689453,37.59469223022461,1273,138331,108
1336,55.749061584472656,37.560401916503906,177,10318,58
1337,55.749061584472656,37.58802795410156,1303,75349,57
1338,55.74906921386719,37.58802795410156,693,46243,66
1339,55.749080657958984,37.56043243408203,441,16955,38
1340,55.74909973144531,37.572078704833984,742,54196,73
1341,55.74910354614258,37.644588470458984,4365,251717,57
1342,55.7491340637207,37.608516693115234,527,24489,46
1343,55.749168395996094,37.608482360839844,2139,102306,47
1344,55.74919891357422,37.65542221069336,1218,68643,56
1345,55.749210357666016,37.58238220214844,3884,173608,44
1346,55.749210357666016,37.65542221069336,757,50839,67
1347,55.74921798706055,37.59082794189453,6486,501285,77
1348,55.74921798706055,37.653202056884766,338,24669,72
1349,55.74922561645508,37.653236389160156,506,19757,39
1350,55.7492790222168,37.586666107177734,696,40593,58
1351,55.7492790222168,37.5866813659668,355,14609,41
1352,55.74931716918945,37.59713363647461,694,43056,62
1353,55.749359130859375,37.6077766418457,1568,272784,173
1354,55.749359130859375,37.607791900634766,993,60675,61
1355,55.7493782043457,37.56379318237305,1081,48510,44
1356,55.74943542480469,37.63241958618164,5449,360219,66
1357,55.749473571777344,37.56535720825195,391,12495,31
1358,55.74950408935547,37.587615966796875,669,60632,90
1359,55.74951934814453,37.600711822509766,4440,363224,81
1360,55.74956512451172,37.62382888793945,3098,254802,82
1361,55.74967956542969,37.59117889404297,636,56571,88
1362,55.74968719482422,37.59191131591797,1658,119696,72
1363,55.74969482421875,37.64918899536133,261,10226,39
1364,55.74981689453125,37.59291076660156,2623,177074,67
1365,55.749847412109375,37.59303665161133,7908,733661,92
1366,55.74988555908203,37.56680679321289,972,56358,57
1367,55.74989318847656,37.56684112548828,949,45921,48
1368,55.74991226196289,37.58246612548828,5569,306612,55
1369,55.74993133544922,37.58246612548828,1022,55714,54
1370,55.74998092651367,37.652381896972656,487,29563,60
1371,55.75000762939453,37.58514404296875,980,63471,64
1372,55.750022888183594,37.58515930175781,466,52034,111
1373,55.75005340576172,37.62479782104492,4442,240565,54
1374,55.75005340576172,37.64269256591797,3911,180769,46
1375,55.750118255615234,37.56300735473633,120,3907,32
1376,55.750205993652344,37.56294250488281,107,11061,103
1377,55.75021743774414,37.64604568481445,868,97038,111
1378,55.75021743774414,37.64606475830078,397,28403,71
1379,55.750362396240234,37.56852722167969,525,37672,71
1380,55.750396728515625,37.58683395385742,548,44401,81
1381,55.750396728515625,37.58686447143555,792,55213,69
1382,55.75042724609375,37.578857421875,627,39920,63
1383,55.75046157836914,37.64796829223633,1241,108725,87
1384,55.750511169433594,37.60722351074219,256,23588,92
1385,55.75059509277344,37.59718322753906,42367,2278278,53
1386,55.750640869140625,37.6422233581543,4629,209504,45
1387,55.75071716308594,37.595314025878906,8725,643312,73
1388,55.75077438354492,37.611454010009766,1168,61944,53
1389,55.75077438354492,37.61146926879883,795,44210,55
1390,55.750831604003906,37.60004425048828,760,42615,56
1391,55.75084686279297,37.604522705078125,1115,123465,110
1392,55.750850677490234,37.600059509277344,2313,80865,34
1393,55.75087356567383,37.6045036315918,987,145779,147
1394,55.75090408325195,37.64393615722656,1175,47995,40
1395,55.750911712646484,37.643951416015625,1729,233046,134
1396,55.75093078613281,37.5999755859375,2493,93404,37
1397,55.75098419189453,37.60078430175781,7562,723076,95
1398,55.75101852416992,37.59014129638672,702,51590,73
1399,55.75103759765625,37.658905029296875,1113,114472,102
1400,55.75107192993164,37.57168960571289,325,17221,52
1401,55.7510871887207,37.56216049194336,231,13638,59
1402,55.751094818115234,37.56214141845703,274,14401,52
1403,55.75117111206055,37.57070541381836,369,21429,58
1404,55.751182556152344,37.59204864501953,766,50765,66
1405,55.751190185546875,37.59201431274414,214,13634,63
1406,55.75127410888672,37.61033630371094,2665,271882,102
1407,55.75129318237305,37.6103515625,2086,101441,48
1408,55.75138854980469,37.611846923828125,1859,108490,58
1409,55.7514533996582,37.536888122558594,570,59237,103
1410,55.75157165527344,37.597896575927734,2515,186982,74
1411,55.751583099365234,37.5979118347168,3722,344365,92
1412,55.75162124633789,37.63322067260742,639,32469,50
1413,55.75163650512695,37.633235931396484,862,53549,62
1414,55.751686096191406,37.593528747558594,768,64578,84
1415,55.751712799072266,37.64559555053711,1510,98022,64
1416,55.751792907714844,37.55259323120117,1123,94170,83
1417,55.75179672241211,37.58279800415039,2086,67492,32
1418,55.75180435180664,37.58279800415039,3626,185116,51
1419,55.75187683105469,37.64093780517578,1568,57908,36
1420,55.75188446044922,37.64092254638672,2276,128735,56
1421,55.75200653076172,37.6422233581543,909,76028,83
1422,55.752017974853516,37.64223861694336,1937,245862,126
1423,55.75206756591797,37.624183654785156,3095,132540,42
1424,55.75209045410156,37.59696960449219,6532,422739,64
1425,55.752098083496094,37.59918212890625,5953,470181,78
1426,55.75210952758789,37.59919738769531,7986,535077,67
1427,55.75212478637695,37.58267593383789,4362,217819,49
1428,55.75213623046875,37.638572692871094,712,88313,124
1429,55.75217819213867,37.63492202758789,318,32649,102
1430,55.75217819213867,37.63493728637695,240,30032,125
1431,55.752193450927734,37.605186462402344,687,45923,66
1432,55.75222396850586,37.605220794677734,1680,66779,39
1433,55.752262115478516,37.6254997253418,2379,142347,59
1434,55.752288818359375,37.594478607177734,2242,123469,55
1435,55.752288818359375,37.5944938659668,5135,305646,59
1436,55.752288818359375,37.59450912475586,3644,244431,67
1437,55.752288818359375,37.61268997192383,591,35760,60
1438,55.75229263305664,37.64613342285156,376,21635,57
1439,55.75232696533203,37.61284637451172,3250,263649,81
1440,55.75233459472656,37.64701461791992,1947,100493,51
1441,55.752342224121094,37.62697982788086,1596,133779,83
1442,55.752357482910156,37.64617919921875,233,12978,55
1443,55.75236892700195,37.65561294555664,886,54634,61
1444,55.75238800048828,37.65557861328125,531,18873,35
1445,55.75252914428711,37.58659744262695,4715,287248,60
1446,55.752532958984375,37.609981536865234,3945,203546,51
1447,55.752540588378906,37.60796356201172,3743,240183,64
1448,55.752540588378906,37.60995101928711,5729,456138,79
1449,55.752567291259766,37.607933044433594,2035,62430,30
1450,55.75262451171875,37.61231231689453,2854,154544,54
1451,55.75263595581055,37.61235809326172,1508,134361,89
1452,55.752647399902344,37.6335334777832,1281,87002,67
1453,55.75265121459961,37.6258544921875,4702,277074,58
1454,55.75265884399414,37.633548736572266,2382,110235,46
1455,55.75269317626953,37.605506896972656,1573,54790,34
1456,55.75270080566406,37.60552215576172,2096,74212,35
1457,55.752708435058594,37.59737777709961,2727,115453,42
1458,55.752708435058594,37.59739303588867,3551,205859,57
1459,55.75275802612305,37.607269287109375,5039,280680,55
1460,55.75276565551758,37.642642974853516,873,72281,82
1461,55.752769470214844,37.64269256591797,1025,98728,96
1462,55.752777099609375,37.64270782470703,1402,91227,65
1463,55.75279235839844,37.603519439697266,10823,839867,77
1464,55.75279235839844,37.603553771972656,1533,50312,32
1465,55.752803802490234,37.607460021972656,813,55466,68
1466,55.752838134765625,37.582889556884766,860,30596,35
1467,55.752845764160156,37.582889556884766,1436,49195,34
1468,55.75285339355469,37.62761688232422,2811,167333,59
1469,55.75287628173828,37.65586471557617,4371,172670,39
1470,55.75295639038086,37.594722747802734,1990,85038,42
1471,55.753013610839844,37.64622116088867,720,66157,91
1472,55.75301742553711,37.596107482910156,3626,233778,64
1473,55.75302505493164,37.59613800048828,6114,314821,51
1474,55.75302505493164,37.600711822509766,17036,1308629,76
1475,55.753028869628906,37.64451599121094,1431,118932,83
1476,55.7530403137207,37.55640411376953,1257,79581,63
1477,55.75309753417969,37.586544036865234,210,17951,85
1478,55.75313949584961,37.58657455444336,760,35534,46
1479,55.753211975097656,37.59275436401367,467,43149,92
